path,type
.env,other
.turbo/cache/0351383aa0c9ed86-meta.json,artifact-cache
.turbo/cache/0351383aa0c9ed86.tar.zst,artifact-cache
.turbo/cache/07c180a9ef03a798-meta.json,artifact-cache
.turbo/cache/07c180a9ef03a798.tar.zst,artifact-cache
.turbo/cache/08d3e4e3b95816b1-meta.json,artifact-cache
.turbo/cache/08d3e4e3b95816b1.tar.zst,artifact-cache
.turbo/cache/0d6db20af4feaa81-meta.json,artifact-cache
.turbo/cache/0d6db20af4feaa81.tar.zst,artifact-cache
.turbo/cache/12682972c2161e63-meta.json,artifact-cache
.turbo/cache/12682972c2161e63.tar.zst,artifact-cache
.turbo/cache/142fb5700575bc6c-meta.json,artifact-cache
.turbo/cache/142fb5700575bc6c.tar.zst,artifact-cache
.turbo/cache/18481034bbd5b519-meta.json,artifact-cache
.turbo/cache/18481034bbd5b519.tar.zst,artifact-cache
.turbo/cache/1d57440d82b5b506-meta.json,artifact-cache
.turbo/cache/1d57440d82b5b506.tar.zst,artifact-cache
.turbo/cache/20290bfad72937c4-meta.json,artifact-cache
.turbo/cache/20290bfad72937c4.tar.zst,artifact-cache
.turbo/cache/2176fff4f5d1a98b-meta.json,artifact-cache
.turbo/cache/2176fff4f5d1a98b.tar.zst,artifact-cache
.turbo/cache/21a8522b8ad3ad47-meta.json,artifact-cache
.turbo/cache/21a8522b8ad3ad47.tar.zst,artifact-cache
.turbo/cache/236943769be431ed-meta.json,artifact-cache
.turbo/cache/236943769be431ed.tar.zst,artifact-cache
.turbo/cache/29a5bed06669b6a6-meta.json,artifact-cache
.turbo/cache/29a5bed06669b6a6.tar.zst,artifact-cache
.turbo/cache/2fc8f07d4707d767-meta.json,artifact-cache
.turbo/cache/2fc8f07d4707d767.tar.zst,artifact-cache
.turbo/cache/2fd983477e948561-meta.json,artifact-cache
.turbo/cache/2fd983477e948561.tar.zst,artifact-cache
.turbo/cache/30d600d1edaa510c-meta.json,artifact-cache
.turbo/cache/30d600d1edaa510c.tar.zst,artifact-cache
.turbo/cache/3a7bd7dc74259b5f-meta.json,artifact-cache
.turbo/cache/3a7bd7dc74259b5f.tar.zst,artifact-cache
.turbo/cache/3d44318d16bec253-meta.json,artifact-cache
.turbo/cache/3d44318d16bec253.tar.zst,artifact-cache
.turbo/cache/3ddeefdeb50f58f3-meta.json,artifact-cache
.turbo/cache/3ddeefdeb50f58f3.tar.zst,artifact-cache
.turbo/cache/3e3fe98e21a0f47b-meta.json,artifact-cache
.turbo/cache/3e3fe98e21a0f47b.tar.zst,artifact-cache
.turbo/cache/4075ad458f2930c6-meta.json,artifact-cache
.turbo/cache/4075ad458f2930c6.tar.zst,artifact-cache
.turbo/cache/4d38566a40ad1e6b-meta.json,artifact-cache
.turbo/cache/4d38566a40ad1e6b.tar.zst,artifact-cache
.turbo/cache/5869cc2daec0e9f7-meta.json,artifact-cache
.turbo/cache/5869cc2daec0e9f7.tar.zst,artifact-cache
.turbo/cache/5cdcadc7b1231cb5-meta.json,artifact-cache
.turbo/cache/5cdcadc7b1231cb5.tar.zst,artifact-cache
.turbo/cache/625605a04f998a66-meta.json,artifact-cache
.turbo/cache/625605a04f998a66.tar.zst,artifact-cache
.turbo/cache/62988983735e0933-meta.json,artifact-cache
.turbo/cache/62988983735e0933.tar.zst,artifact-cache
.turbo/cache/64fec90eb179ea60-meta.json,artifact-cache
.turbo/cache/64fec90eb179ea60.tar.zst,artifact-cache
.turbo/cache/68f5e9fe6ec3cb19-meta.json,artifact-cache
.turbo/cache/68f5e9fe6ec3cb19.tar.zst,artifact-cache
.turbo/cache/6b150bbb6fada334-meta.json,artifact-cache
.turbo/cache/6b150bbb6fada334.tar.zst,artifact-cache
.turbo/cache/764cd9000ed1e991-meta.json,artifact-cache
.turbo/cache/764cd9000ed1e991.tar.zst,artifact-cache
.turbo/cache/769413c3afd58529-meta.json,artifact-cache
.turbo/cache/769413c3afd58529.tar.zst,artifact-cache
.turbo/cache/76ffe994a8c87354-meta.json,artifact-cache
.turbo/cache/76ffe994a8c87354.tar.zst,artifact-cache
.turbo/cache/79e4e24202b3ff54-meta.json,artifact-cache
.turbo/cache/79e4e24202b3ff54.tar.zst,artifact-cache
.turbo/cache/79ec52f0f74b2333-meta.json,artifact-cache
.turbo/cache/79ec52f0f74b2333.tar.zst,artifact-cache
.turbo/cache/7be5fbdf7c406fdc-meta.json,artifact-cache
.turbo/cache/7be5fbdf7c406fdc.tar.zst,artifact-cache
.turbo/cache/7cf5bb23d65fe110-meta.json,artifact-cache
.turbo/cache/7cf5bb23d65fe110.tar.zst,artifact-cache
.turbo/cache/7ef25ba31dd04f55-meta.json,artifact-cache
.turbo/cache/7ef25ba31dd04f55.tar.zst,artifact-cache
.turbo/cache/84f6f09b40772c31-meta.json,artifact-cache
.turbo/cache/84f6f09b40772c31.tar.zst,artifact-cache
.turbo/cache/8973361a5e09c2d3-meta.json,artifact-cache
.turbo/cache/8973361a5e09c2d3.tar.zst,artifact-cache
.turbo/cache/8ab7a7498f404d13-meta.json,artifact-cache
.turbo/cache/8ab7a7498f404d13.tar.zst,artifact-cache
.turbo/cache/94438fee8bead541-meta.json,artifact-cache
.turbo/cache/94438fee8bead541.tar.zst,artifact-cache
.turbo/cache/9496e5c633f59348-meta.json,artifact-cache
.turbo/cache/9496e5c633f59348.tar.zst,artifact-cache
.turbo/cache/9868e4de4f6eb434-meta.json,artifact-cache
.turbo/cache/9868e4de4f6eb434.tar.zst,artifact-cache
.turbo/cache/98a4169c125d6e18-meta.json,artifact-cache
.turbo/cache/98a4169c125d6e18.tar.zst,artifact-cache
.turbo/cache/9a6e30da9918f9be-meta.json,artifact-cache
.turbo/cache/9a6e30da9918f9be.tar.zst,artifact-cache
.turbo/cache/9a7fb0625a9d034d-meta.json,artifact-cache
.turbo/cache/9a7fb0625a9d034d.tar.zst,artifact-cache
.turbo/cache/afc182f06a350297-meta.json,artifact-cache
.turbo/cache/afc182f06a350297.tar.zst,artifact-cache
.turbo/cache/b47ba150bbe50d69-meta.json,artifact-cache
.turbo/cache/b47ba150bbe50d69.tar.zst,artifact-cache
.turbo/cache/b8183956d6b299ab-meta.json,artifact-cache
.turbo/cache/b8183956d6b299ab.tar.zst,artifact-cache
.turbo/cache/bc0f3987db0c8c5d-meta.json,artifact-cache
.turbo/cache/bc0f3987db0c8c5d.tar.zst,artifact-cache
.turbo/cache/d01c1702da8d9ef9-meta.json,artifact-cache
.turbo/cache/d01c1702da8d9ef9.tar.zst,artifact-cache
.turbo/cache/d0261e4f90896161-meta.json,artifact-cache
.turbo/cache/d0261e4f90896161.tar.zst,artifact-cache
.turbo/cache/d4b679735dc1d8db-meta.json,artifact-cache
.turbo/cache/d4b679735dc1d8db.tar.zst,artifact-cache
.turbo/cache/d738b229cc5e1236-meta.json,artifact-cache
.turbo/cache/d738b229cc5e1236.tar.zst,artifact-cache
.turbo/cache/d798f13fcbaabdaf-meta.json,artifact-cache
.turbo/cache/d798f13fcbaabdaf.tar.zst,artifact-cache
.turbo/cache/daed6f48db6f5a0e-meta.json,artifact-cache
.turbo/cache/daed6f48db6f5a0e.tar.zst,artifact-cache
.turbo/cache/dfcf1774a5b9f682-meta.json,artifact-cache
.turbo/cache/dfcf1774a5b9f682.tar.zst,artifact-cache
.turbo/cache/dfe8ff470f2d5afe-meta.json,artifact-cache
.turbo/cache/dfe8ff470f2d5afe.tar.zst,artifact-cache
.turbo/cache/e816b41a1ecb42ca-meta.json,artifact-cache
.turbo/cache/e816b41a1ecb42ca.tar.zst,artifact-cache
.turbo/cache/e8adf569454e9e4a-meta.json,artifact-cache
.turbo/cache/e8adf569454e9e4a.tar.zst,artifact-cache
.turbo/cache/e8d4d48011a8e82d-meta.json,artifact-cache
.turbo/cache/e8d4d48011a8e82d.tar.zst,artifact-cache
.turbo/cache/e9cd5b7bee2c3898-meta.json,artifact-cache
.turbo/cache/e9cd5b7bee2c3898.tar.zst,artifact-cache
.turbo/cache/f1783321b355958f-meta.json,artifact-cache
.turbo/cache/f1783321b355958f.tar.zst,artifact-cache
.turbo/cache/f23e27cbb54288cb-meta.json,artifact-cache
.turbo/cache/f23e27cbb54288cb.tar.zst,artifact-cache
.turbo/cache/f5a923985640a608-meta.json,artifact-cache
.turbo/cache/f5a923985640a608.tar.zst,artifact-cache
.turbo/cache/f6f82f9fd75ec158-meta.json,artifact-cache
.turbo/cache/f6f82f9fd75ec158.tar.zst,artifact-cache
.turbo/cache/f841c0f1d101ec6f-meta.json,artifact-cache
.turbo/cache/f841c0f1d101ec6f.tar.zst,artifact-cache
.turbo/cache/fa825d231640a219-meta.json,artifact-cache
.turbo/cache/fa825d231640a219.tar.zst,artifact-cache
.turbo/cache/fc571a7015af7b0c-meta.json,artifact-cache
.turbo/cache/fc571a7015af7b0c.tar.zst,artifact-cache
.turbo/cache/feaeac51f67bf903-meta.json,artifact-cache
.turbo/cache/feaeac51f67bf903.tar.zst,artifact-cache
.turbo/cookies/1.cookie,artifact-cache
.turbo/cookies/10.cookie,artifact-cache
.turbo/cookies/100.cookie,artifact-cache
.turbo/cookies/101.cookie,artifact-cache
.turbo/cookies/102.cookie,artifact-cache
.turbo/cookies/103.cookie,artifact-cache
.turbo/cookies/104.cookie,artifact-cache
.turbo/cookies/105.cookie,artifact-cache
.turbo/cookies/106.cookie,artifact-cache
.turbo/cookies/107.cookie,artifact-cache
.turbo/cookies/108.cookie,artifact-cache
.turbo/cookies/109.cookie,artifact-cache
.turbo/cookies/11.cookie,artifact-cache
.turbo/cookies/110.cookie,artifact-cache
.turbo/cookies/111.cookie,artifact-cache
.turbo/cookies/112.cookie,artifact-cache
.turbo/cookies/113.cookie,artifact-cache
.turbo/cookies/114.cookie,artifact-cache
.turbo/cookies/115.cookie,artifact-cache
.turbo/cookies/116.cookie,artifact-cache
.turbo/cookies/117.cookie,artifact-cache
.turbo/cookies/118.cookie,artifact-cache
.turbo/cookies/119.cookie,artifact-cache
.turbo/cookies/12.cookie,artifact-cache
.turbo/cookies/120.cookie,artifact-cache
.turbo/cookies/121.cookie,artifact-cache
.turbo/cookies/122.cookie,artifact-cache
.turbo/cookies/123.cookie,artifact-cache
.turbo/cookies/124.cookie,artifact-cache
.turbo/cookies/125.cookie,artifact-cache
.turbo/cookies/126.cookie,artifact-cache
.turbo/cookies/127.cookie,artifact-cache
.turbo/cookies/128.cookie,artifact-cache
.turbo/cookies/129.cookie,artifact-cache
.turbo/cookies/13.cookie,artifact-cache
.turbo/cookies/130.cookie,artifact-cache
.turbo/cookies/131.cookie,artifact-cache
.turbo/cookies/132.cookie,artifact-cache
.turbo/cookies/133.cookie,artifact-cache
.turbo/cookies/134.cookie,artifact-cache
.turbo/cookies/135.cookie,artifact-cache
.turbo/cookies/136.cookie,artifact-cache
.turbo/cookies/137.cookie,artifact-cache
.turbo/cookies/138.cookie,artifact-cache
.turbo/cookies/139.cookie,artifact-cache
.turbo/cookies/14.cookie,artifact-cache
.turbo/cookies/140.cookie,artifact-cache
.turbo/cookies/141.cookie,artifact-cache
.turbo/cookies/142.cookie,artifact-cache
.turbo/cookies/143.cookie,artifact-cache
.turbo/cookies/144.cookie,artifact-cache
.turbo/cookies/145.cookie,artifact-cache
.turbo/cookies/146.cookie,artifact-cache
.turbo/cookies/147.cookie,artifact-cache
.turbo/cookies/148.cookie,artifact-cache
.turbo/cookies/149.cookie,artifact-cache
.turbo/cookies/15.cookie,artifact-cache
.turbo/cookies/150.cookie,artifact-cache
.turbo/cookies/151.cookie,artifact-cache
.turbo/cookies/152.cookie,artifact-cache
.turbo/cookies/153.cookie,artifact-cache
.turbo/cookies/154.cookie,artifact-cache
.turbo/cookies/155.cookie,artifact-cache
.turbo/cookies/156.cookie,artifact-cache
.turbo/cookies/157.cookie,artifact-cache
.turbo/cookies/158.cookie,artifact-cache
.turbo/cookies/159.cookie,artifact-cache
.turbo/cookies/16.cookie,artifact-cache
.turbo/cookies/160.cookie,artifact-cache
.turbo/cookies/161.cookie,artifact-cache
.turbo/cookies/162.cookie,artifact-cache
.turbo/cookies/163.cookie,artifact-cache
.turbo/cookies/164.cookie,artifact-cache
.turbo/cookies/165.cookie,artifact-cache
.turbo/cookies/166.cookie,artifact-cache
.turbo/cookies/167.cookie,artifact-cache
.turbo/cookies/168.cookie,artifact-cache
.turbo/cookies/169.cookie,artifact-cache
.turbo/cookies/17.cookie,artifact-cache
.turbo/cookies/170.cookie,artifact-cache
.turbo/cookies/171.cookie,artifact-cache
.turbo/cookies/172.cookie,artifact-cache
.turbo/cookies/173.cookie,artifact-cache
.turbo/cookies/174.cookie,artifact-cache
.turbo/cookies/175.cookie,artifact-cache
.turbo/cookies/176.cookie,artifact-cache
.turbo/cookies/18.cookie,artifact-cache
.turbo/cookies/19.cookie,artifact-cache
.turbo/cookies/2.cookie,artifact-cache
.turbo/cookies/20.cookie,artifact-cache
.turbo/cookies/21.cookie,artifact-cache
.turbo/cookies/22.cookie,artifact-cache
.turbo/cookies/23.cookie,artifact-cache
.turbo/cookies/24.cookie,artifact-cache
.turbo/cookies/25.cookie,artifact-cache
.turbo/cookies/26.cookie,artifact-cache
.turbo/cookies/27.cookie,artifact-cache
.turbo/cookies/28.cookie,artifact-cache
.turbo/cookies/29.cookie,artifact-cache
.turbo/cookies/3.cookie,artifact-cache
.turbo/cookies/30.cookie,artifact-cache
.turbo/cookies/31.cookie,artifact-cache
.turbo/cookies/32.cookie,artifact-cache
.turbo/cookies/33.cookie,artifact-cache
.turbo/cookies/34.cookie,artifact-cache
.turbo/cookies/35.cookie,artifact-cache
.turbo/cookies/36.cookie,artifact-cache
.turbo/cookies/37.cookie,artifact-cache
.turbo/cookies/38.cookie,artifact-cache
.turbo/cookies/39.cookie,artifact-cache
.turbo/cookies/4.cookie,artifact-cache
.turbo/cookies/40.cookie,artifact-cache
.turbo/cookies/41.cookie,artifact-cache
.turbo/cookies/42.cookie,artifact-cache
.turbo/cookies/43.cookie,artifact-cache
.turbo/cookies/44.cookie,artifact-cache
.turbo/cookies/45.cookie,artifact-cache
.turbo/cookies/46.cookie,artifact-cache
.turbo/cookies/47.cookie,artifact-cache
.turbo/cookies/48.cookie,artifact-cache
.turbo/cookies/49.cookie,artifact-cache
.turbo/cookies/5.cookie,artifact-cache
.turbo/cookies/50.cookie,artifact-cache
.turbo/cookies/51.cookie,artifact-cache
.turbo/cookies/52.cookie,artifact-cache
.turbo/cookies/53.cookie,artifact-cache
.turbo/cookies/54.cookie,artifact-cache
.turbo/cookies/55.cookie,artifact-cache
.turbo/cookies/56.cookie,artifact-cache
.turbo/cookies/57.cookie,artifact-cache
.turbo/cookies/58.cookie,artifact-cache
.turbo/cookies/59.cookie,artifact-cache
.turbo/cookies/6.cookie,artifact-cache
.turbo/cookies/60.cookie,artifact-cache
.turbo/cookies/61.cookie,artifact-cache
.turbo/cookies/62.cookie,artifact-cache
.turbo/cookies/63.cookie,artifact-cache
.turbo/cookies/64.cookie,artifact-cache
.turbo/cookies/65.cookie,artifact-cache
.turbo/cookies/66.cookie,artifact-cache
.turbo/cookies/67.cookie,artifact-cache
.turbo/cookies/68.cookie,artifact-cache
.turbo/cookies/69.cookie,artifact-cache
.turbo/cookies/7.cookie,artifact-cache
.turbo/cookies/70.cookie,artifact-cache
.turbo/cookies/71.cookie,artifact-cache
.turbo/cookies/72.cookie,artifact-cache
.turbo/cookies/73.cookie,artifact-cache
.turbo/cookies/74.cookie,artifact-cache
.turbo/cookies/75.cookie,artifact-cache
.turbo/cookies/76.cookie,artifact-cache
.turbo/cookies/77.cookie,artifact-cache
.turbo/cookies/78.cookie,artifact-cache
.turbo/cookies/79.cookie,artifact-cache
.turbo/cookies/8.cookie,artifact-cache
.turbo/cookies/80.cookie,artifact-cache
.turbo/cookies/81.cookie,artifact-cache
.turbo/cookies/82.cookie,artifact-cache
.turbo/cookies/83.cookie,artifact-cache
.turbo/cookies/84.cookie,artifact-cache
.turbo/cookies/85.cookie,artifact-cache
.turbo/cookies/86.cookie,artifact-cache
.turbo/cookies/87.cookie,artifact-cache
.turbo/cookies/88.cookie,artifact-cache
.turbo/cookies/89.cookie,artifact-cache
.turbo/cookies/9.cookie,artifact-cache
.turbo/cookies/90.cookie,artifact-cache
.turbo/cookies/91.cookie,artifact-cache
.turbo/cookies/92.cookie,artifact-cache
.turbo/cookies/93.cookie,artifact-cache
.turbo/cookies/94.cookie,artifact-cache
.turbo/cookies/95.cookie,artifact-cache
.turbo/cookies/96.cookie,artifact-cache
.turbo/cookies/97.cookie,artifact-cache
.turbo/cookies/98.cookie,artifact-cache
.turbo/cookies/99.cookie,artifact-cache
.turbo/daemon/98b169cccfc4e838-turbo.log.2026-02-17,artifact-cache
apps/api/.turbo/turbo-build.log,artifact-cache
apps/api/.turbo/turbo-lint.log,artifact-cache
apps/api/.turbo/turbo-test.log,artifact-cache
apps/api/audit-db.ts,code
apps/api/check-store.ts,code
apps/api/dist/apps/api/src/index.d.ts,build-artifact
apps/api/dist/apps/api/src/index.js,build-artifact
apps/api/dist/apps/api/src/index.js.map,build-artifact
apps/api/dist/apps/api/src/middlewares/context.middleware.d.ts,build-artifact
apps/api/dist/apps/api/src/middlewares/context.middleware.js,build-artifact
apps/api/dist/apps/api/src/middlewares/context.middleware.js.map,build-artifact
apps/api/dist/apps/api/src/providers/local-theme-file-provider.d.ts,build-artifact
apps/api/dist/apps/api/src/providers/local-theme-file-provider.js,build-artifact
apps/api/dist/apps/api/src/providers/local-theme-file-provider.js.map,build-artifact
apps/api/dist/apps/api/src/routes/runtime.routes.d.ts,build-artifact
apps/api/dist/apps/api/src/routes/runtime.routes.js,build-artifact
apps/api/dist/apps/api/src/routes/runtime.routes.js.map,build-artifact
apps/api/dist/apps/api/src/routes/simulator.routes.d.ts,build-artifact
apps/api/dist/apps/api/src/routes/simulator.routes.js,build-artifact
apps/api/dist/apps/api/src/routes/simulator.routes.js.map,build-artifact
apps/api/dist/apps/api/src/routes/store.routes.d.ts,build-artifact
apps/api/dist/apps/api/src/routes/store.routes.js,build-artifact
apps/api/dist/apps/api/src/routes/store.routes.js.map,build-artifact
apps/api/dist/apps/api/src/routes/system.routes.d.ts,build-artifact
apps/api/dist/apps/api/src/routes/system.routes.js,build-artifact
apps/api/dist/apps/api/src/routes/system.routes.js.map,build-artifact
apps/api/dist/apps/api/src/routes/theme.routes.d.ts,build-artifact
apps/api/dist/apps/api/src/routes/theme.routes.js,build-artifact
apps/api/dist/apps/api/src/routes/theme.routes.js.map,build-artifact
apps/api/dist/apps/api/src/services/context-resolver.d.ts,build-artifact
apps/api/dist/apps/api/src/services/context-resolver.js,build-artifact
apps/api/dist/apps/api/src/services/context-resolver.js.map,build-artifact
apps/api/dist/apps/api/src/utils/bootstrap.d.ts,build-artifact
apps/api/dist/apps/api/src/utils/bootstrap.js,build-artifact
apps/api/dist/apps/api/src/utils/bootstrap.js.map,build-artifact
apps/api/dist/index.d.ts,build-artifact
apps/api/dist/index.js,build-artifact
apps/api/dist/index.js.map,build-artifact
apps/api/dist/middlewares/context.middleware.d.ts,build-artifact
apps/api/dist/middlewares/context.middleware.js,build-artifact
apps/api/dist/middlewares/context.middleware.js.map,build-artifact
apps/api/dist/packages/engine/index.d.ts,build-artifact
apps/api/dist/packages/engine/index.js,build-artifact
apps/api/dist/packages/engine/index.js.map,build-artifact
apps/api/dist/packages/engine/src/core/composition-engine.d.ts,build-artifact
apps/api/dist/packages/engine/src/core/composition-engine.js,build-artifact
apps/api/dist/packages/engine/src/core/composition-engine.js.map,build-artifact
apps/api/dist/packages/engine/src/core/content-manager.d.ts,build-artifact
apps/api/dist/packages/engine/src/core/content-manager.js,build-artifact
apps/api/dist/packages/engine/src/core/content-manager.js.map,build-artifact
apps/api/dist/packages/engine/src/core/localization-service.d.ts,build-artifact
apps/api/dist/packages/engine/src/core/localization-service.js,build-artifact
apps/api/dist/packages/engine/src/core/localization-service.js.map,build-artifact
apps/api/dist/packages/engine/src/core/schema-service.d.ts,build-artifact
apps/api/dist/packages/engine/src/core/schema-service.js,build-artifact
apps/api/dist/packages/engine/src/core/schema-service.js.map,build-artifact
apps/api/dist/packages/engine/src/core/store-factory.d.ts,build-artifact
apps/api/dist/packages/engine/src/core/store-factory.js,build-artifact
apps/api/dist/packages/engine/src/core/store-factory.js.map,build-artifact
apps/api/dist/packages/engine/src/core/store-logic.d.ts,build-artifact
apps/api/dist/packages/engine/src/core/store-logic.js,build-artifact
apps/api/dist/packages/engine/src/core/store-logic.js.map,build-artifact
apps/api/dist/packages/engine/src/infra/file-system.interface.d.ts,build-artifact
apps/api/dist/packages/engine/src/infra/file-system.interface.js,build-artifact
apps/api/dist/packages/engine/src/infra/file-system.interface.js.map,build-artifact
apps/api/dist/packages/engine/src/infra/local-file-system.d.ts,build-artifact
apps/api/dist/packages/engine/src/infra/local-file-system.js,build-artifact
apps/api/dist/packages/engine/src/infra/local-file-system.js.map,build-artifact
apps/api/dist/packages/engine/src/infra/theme-file-provider.interface.d.ts,build-artifact
apps/api/dist/packages/engine/src/infra/theme-file-provider.interface.js,build-artifact
apps/api/dist/packages/engine/src/infra/theme-file-provider.interface.js.map,build-artifact
apps/api/dist/packages/engine/src/providers/seeder-service.d.ts,build-artifact
apps/api/dist/packages/engine/src/providers/seeder-service.js,build-artifact
apps/api/dist/packages/engine/src/providers/seeder-service.js.map,build-artifact
apps/api/dist/packages/engine/src/providers/simulator.service.d.ts,build-artifact
apps/api/dist/packages/engine/src/providers/simulator.service.js,build-artifact
apps/api/dist/packages/engine/src/providers/simulator.service.js.map,build-artifact
apps/api/dist/packages/engine/src/providers/synchronization-service.d.ts,build-artifact
apps/api/dist/packages/engine/src/providers/synchronization-service.js,build-artifact
apps/api/dist/packages/engine/src/providers/synchronization-service.js.map,build-artifact
apps/api/dist/packages/engine/src/rendering/renderer-service.d.ts,build-artifact
apps/api/dist/packages/engine/src/rendering/renderer-service.js,build-artifact
apps/api/dist/packages/engine/src/rendering/renderer-service.js.map,build-artifact
apps/api/dist/packages/engine/src/rendering/theme-loader.d.ts,build-artifact
apps/api/dist/packages/engine/src/rendering/theme-loader.js,build-artifact
apps/api/dist/packages/engine/src/rendering/theme-loader.js.map,build-artifact
apps/api/dist/packages/engine/src/rendering/theme-registry.d.ts,build-artifact
apps/api/dist/packages/engine/src/rendering/theme-registry.js,build-artifact
apps/api/dist/packages/engine/src/rendering/theme-registry.js.map,build-artifact
apps/api/dist/packages/engine/src/validators/salla-validator.d.ts,build-artifact
apps/api/dist/packages/engine/src/validators/salla-validator.js,build-artifact
apps/api/dist/packages/engine/src/validators/salla-validator.js.map,build-artifact
apps/api/dist/packages/engine/src/webhooks/hook-service.d.ts,build-artifact
apps/api/dist/packages/engine/src/webhooks/hook-service.js,build-artifact
apps/api/dist/packages/engine/src/webhooks/hook-service.js.map,build-artifact
apps/api/dist/packages/engine/src/webhooks/webhook-service.d.ts,build-artifact
apps/api/dist/packages/engine/src/webhooks/webhook-service.js,build-artifact
apps/api/dist/packages/engine/src/webhooks/webhook-service.js.map,build-artifact
apps/api/dist/renderer.service.d.ts,build-artifact
apps/api/dist/renderer.service.js,build-artifact
apps/api/dist/renderer.service.js.map,build-artifact
apps/api/dist/routes/mock.routes.d.ts,build-artifact
apps/api/dist/routes/mock.routes.js,build-artifact
apps/api/dist/routes/mock.routes.js.map,build-artifact
apps/api/dist/routes/runtime.routes.d.ts,build-artifact
apps/api/dist/routes/runtime.routes.js,build-artifact
apps/api/dist/routes/runtime.routes.js.map,build-artifact
apps/api/dist/routes/simulator.routes.d.ts,build-artifact
apps/api/dist/routes/simulator.routes.js,build-artifact
apps/api/dist/routes/simulator.routes.js.map,build-artifact
apps/api/dist/routes/store.routes.d.ts,build-artifact
apps/api/dist/routes/store.routes.js,build-artifact
apps/api/dist/routes/store.routes.js.map,build-artifact
apps/api/dist/routes/system.routes.d.ts,build-artifact
apps/api/dist/routes/system.routes.js,build-artifact
apps/api/dist/routes/system.routes.js.map,build-artifact
apps/api/dist/routes/theme.routes.d.ts,build-artifact
apps/api/dist/routes/theme.routes.js,build-artifact
apps/api/dist/routes/theme.routes.js.map,build-artifact
apps/api/dist/services/mock-api.service.d.ts,build-artifact
apps/api/dist/services/mock-api.service.js,build-artifact
apps/api/dist/services/mock-api.service.js.map,build-artifact
apps/api/dist/services/schema.service.d.ts,build-artifact
apps/api/dist/services/schema.service.js,build-artifact
apps/api/dist/services/schema.service.js.map,build-artifact
apps/api/package.json,other
apps/api/prisma/vtdr-client.cjs,code
apps/api/public/sdk-bridge.js,code
apps/api/src/index.ts,code
apps/api/src/middlewares/context.middleware.ts,code
apps/api/src/providers/local-theme-file-provider.ts,code
apps/api/src/routes/runtime.routes.ts,code
apps/api/src/routes/simulator.routes.ts,code
apps/api/src/routes/store.routes.ts,code
apps/api/src/routes/system.routes.ts,code
apps/api/src/routes/theme.routes.ts,code
apps/api/src/services/context-resolver.ts,code
apps/api/src/type-hijack.d.ts,code
apps/api/src/utils/bootstrap.ts,code
apps/api/tsconfig.json,other
apps/ui/.turbo/turbo-build.log,artifact-cache
apps/ui/.turbo/turbo-lint.log,artifact-cache
apps/ui/dist/assets/index-1eb42257.js,build-artifact
apps/ui/dist/assets/index-c5f7a32a.css,build-artifact
apps/ui/dist/images/products/laptop.jpg,build-artifact
apps/ui/dist/images/products/phone.jpg,build-artifact
apps/ui/dist/images/products/placeholder.png,build-artifact
apps/ui/dist/images/products/shirt.jpg,build-artifact
apps/ui/dist/images/products/watch.jpg,build-artifact
apps/ui/dist/index.html,build-artifact
apps/ui/dist/preview.html,build-artifact
apps/ui/index.html,other
apps/ui/package.json,other
apps/ui/public/images/products/bag.jpg,other
apps/ui/public/images/products/dress.jpg,other
apps/ui/public/images/products/generate-dummy-images.ps1,other
apps/ui/public/images/products/glasses.jpg,other
apps/ui/public/images/products/headphones.jpg,other
apps/ui/public/images/products/laptop.jpg,other
apps/ui/public/images/products/phone.jpg,other
apps/ui/public/images/products/placeholder.png,other
apps/ui/public/images/products/shirt.jpg,other
apps/ui/public/images/products/watch.jpg,other
apps/ui/public/preview.html,other
apps/ui/src/App.tsx,code
apps/ui/src/components/PageComponentsEditor.tsx,code
apps/ui/src/components/PreviewPane.tsx,code
apps/ui/src/components/StoreSettingsPanel.tsx,code
apps/ui/src/components/ThemeSettingsPanel.tsx,code
apps/ui/src/index.css,other
apps/ui/src/layouts/StoreLayout.tsx,code
apps/ui/src/layouts/SystemLayout.tsx,code
apps/ui/src/main.tsx,code
apps/ui/src/pages/EditProduct.tsx,code
apps/ui/src/pages/StoreCategories.tsx,code
apps/ui/src/pages/StoreDashboard.tsx,code
apps/ui/src/pages/StorePreview.tsx,code
apps/ui/src/pages/StoreProducts.tsx,code
apps/ui/src/pages/StoreStaticPages.tsx,code
apps/ui/src/pages/SystemHome.tsx,code
apps/ui/src/services/api.ts,code
apps/ui/src/vite-env.d.ts,code
apps/ui/tsconfig.json,other
apps/ui/tsconfig.node.json,other
apps/ui/vite.config.ts,code
ARCHITECTURE.md,documentation
archive/md-archive-20260217-192912.zip,archive
archive/md-archive-20260217-192912/ARCHITECTURE.md,archive
archive/md-archive-20260217-192912/Docs/Architecture/Canonical-Foundation.md,archive
archive/md-archive-20260217-192912/Docs/Architecture/Formal Ratification.md,archive
archive/md-archive-20260217-192912/Docs/Architecture/New.md,archive
archive/md-archive-20260217-192912/Docs/Architecture/Preview Layer.md,archive
archive/md-archive-20260217-192912/Docs/Architecture/Theme-Directory-Structure-Compliance-Spec.md,archive
archive/md-archive-20260217-192912/Docs/Architecture/Virtual Store–Driven Theme Runtime Architecture.md,archive
archive/md-archive-20260217-192912/Docs/DEV.md,archive
archive/md-archive-20260217-192912/Docs/Guidelines/Documentation-Alignment-Map.md,archive
archive/md-archive-20260217-192912/Docs/Guidelines/Important.md,archive
archive/md-archive-20260217-192912/Docs/Guidelines/Naming-Conventions.md,archive
archive/md-archive-20260217-192912/Docs/Guidelines/Theme-Compatibility-Checklist.md,archive
archive/md-archive-20260217-192912/Docs/Guidelines/Theme-Raed-Implementation-Reference.md,archive
archive/md-archive-20260217-192912/Docs/Guidelines/Watcher-Integration.md,archive
archive/md-archive-20260217-192912/Docs/Integration/Salla-Official-Alignment.md,archive
archive/md-archive-20260217-192912/Docs/Integration/Salla-Theme-Blog-Practices.md,archive
archive/md-archive-20260217-192912/Docs/Integration/Store-Events-Tracking-Contract.md,archive
archive/md-archive-20260217-192912/Docs/Integration/Twilight-Global-Variables-Contract.md,archive
archive/md-archive-20260217-192912/Docs/Integration/Twilight-Json-Compliance-Spec.md,archive
archive/md-archive-20260217-192912/Docs/Integration/Twilight-SDK-Integration-Contract.md,archive
archive/md-archive-20260217-192912/Docs/Integration/Twilight-Twig-Helpers-Filters-Contract.md,archive
archive/md-archive-20260217-192912/Docs/Specifications/API_SPEC.md,archive
archive/md-archive-20260217-192912/Docs/Specifications/DATA_SCHEMA_SPEC.md,archive
archive/md-archive-20260217-192912/Docs/Specifications/Database Design Document.md,archive
archive/md-archive-20260217-192912/Docs/Specifications/Image-Spec-Comparison-Matrix.md,archive
archive/md-archive-20260217-192912/Docs/Specifications/Master Specification.md,archive
archive/md-archive-20260217-192912/Docs/Specifications/SYSTEM_SPEC.md,archive
archive/md-archive-20260217-192912/Docs/Specifications/Unified-Answers-Execution-Blueprint.md,archive
archive/md-archive-20260217-192912/Docs/Vision/Executive Summary.md,archive
archive/md-archive-20260217-192912/Docs/Vision/Project-Charter.md,archive
archive/md-archive-20260217-192912/Docs/Vision/TheIdea.md,archive
archive/md-archive-20260217-192912/Docs/Vision/Vision.md,archive
archive/md-archive-20260217-192912/Docs/Vision/Why-and-Product-Statement.md,archive
archive/md-archive-20260217-192912/INSTRUCTIONS_RESTRUCTURE_PLAN.md,archive
archive/md-archive-20260217-192912/manifest.json,archive
archive/md-archive-20260217-192912/manifest.txt,archive
archive/md-archive-20260217-192912/packages/themes/theme-raed-master/CHANGELOG.md,archive
archive/md-archive-20260217-192912/packages/themes/theme-raed-master/README.md,archive
archive/md-archive-20260217-192912/README.md,archive
Docs/Architecture/Canonical-Foundation.md,docs
Docs/Architecture/Formal Ratification.md,docs
Docs/Architecture/New.md,docs
Docs/Architecture/Preview Layer.md,docs
Docs/Architecture/Theme-Directory-Structure-Compliance-Spec.md,docs
Docs/Architecture/Virtual Store–Driven Theme Runtime Architecture.md,docs
Docs/Assets/12.png,docs
Docs/Assets/14.png,docs
Docs/Assets/2.webp,docs
Docs/Assets/5 (1).webp,docs
Docs/Assets/5.webp,docs
Docs/Assets/6.webp,docs
Docs/Assets/9.png,docs
Docs/Assets/9.webp,docs
Docs/Assets/image-36.webp,docs
Docs/Assets/readme.md,docs
Docs/Assets/set-up-theme-16new.png,docs
Docs/Assets/unnamed.png,docs
Docs/Code-Reality-Executive-Report.md,docs
Docs/COVERAGE-MATRIX-ALL-FILES.csv,docs
Docs/COVERAGE-STATS.json,docs
Docs/DEV.md,docs
Docs/Guidelines/Documentation-Alignment-Map.md,docs
Docs/Guidelines/Important.md,docs
Docs/Guidelines/Naming-Conventions.md,docs
Docs/Guidelines/Theme-Compatibility-Checklist.md,docs
Docs/Guidelines/Theme-Raed-Implementation-Reference.md,docs
Docs/Guidelines/Watcher-Integration.md,docs
Docs/Integration/Salla-Official-Alignment.md,docs
Docs/Integration/Salla-Theme-Blog-Practices.md,docs
Docs/Integration/Store-Events-Tracking-Contract.md,docs
Docs/Integration/Twilight-Global-Variables-Contract.md,docs
Docs/Integration/Twilight-Json-Compliance-Spec.md,docs
Docs/Integration/Twilight-SDK-Integration-Contract.md,docs
Docs/Integration/Twilight-Twig-Helpers-Filters-Contract.md,docs
Docs/Specifications/API_SPEC.md,docs
Docs/Specifications/DATA_SCHEMA_SPEC.md,docs
Docs/Specifications/Database Design Document.md,docs
Docs/Specifications/Image-Spec-Comparison-Matrix.md,docs
Docs/Specifications/Master Specification.md,docs
Docs/Specifications/SYSTEM_SPEC.md,docs
Docs/Specifications/Unified-Answers-Execution-Blueprint.md,docs
Docs/Vision/Executive Summary.md,docs
Docs/Vision/Project-Charter.md,docs
Docs/Vision/TheIdea.md,docs
Docs/Vision/Vision.md,docs
Docs/Vision/Why-and-Product-Statement.md,docs
INSTRUCTIONS_RESTRUCTURE_PLAN.md,documentation
package-lock.json,other
package.json,other
packages/contracts/.turbo/turbo-build.log,artifact-cache
packages/contracts/.turbo/turbo-lint.log,artifact-cache
packages/contracts/.turbo/turbo-test.log,artifact-cache
packages/contracts/component.contract.d.ts,code
packages/contracts/component.contract.js,code
packages/contracts/component.contract.js.map,other
packages/contracts/component.ts,code
packages/contracts/content.ts,code
packages/contracts/dal.contract.ts,code
packages/contracts/data.contract.d.ts,code
packages/contracts/data.contract.js,code
packages/contracts/data.contract.js.map,other
packages/contracts/dist/component.d.ts,build-artifact
packages/contracts/dist/component.js,build-artifact
packages/contracts/dist/component.js.map,build-artifact
packages/contracts/dist/content.d.ts,build-artifact
packages/contracts/dist/content.js,build-artifact
packages/contracts/dist/content.js.map,build-artifact
packages/contracts/dist/dal.contract.d.ts,build-artifact
packages/contracts/dist/dal.contract.js,build-artifact
packages/contracts/dist/dal.contract.js.map,build-artifact
packages/contracts/dist/index.d.ts,build-artifact
packages/contracts/dist/index.js,build-artifact
packages/contracts/dist/index.js.map,build-artifact
packages/contracts/dist/runtime.d.ts,build-artifact
packages/contracts/dist/runtime.js,build-artifact
packages/contracts/dist/runtime.js.map,build-artifact
packages/contracts/dist/src/salla.generated.d.ts,build-artifact
packages/contracts/dist/src/salla.generated.js,build-artifact
packages/contracts/dist/src/salla.generated.js.map,build-artifact
packages/contracts/dist/src/schemas.d.ts,build-artifact
packages/contracts/dist/src/schemas.js,build-artifact
packages/contracts/dist/src/schemas.js.map,build-artifact
packages/contracts/dist/theme.d.ts,build-artifact
packages/contracts/dist/theme.js,build-artifact
packages/contracts/dist/theme.js.map,build-artifact
packages/contracts/index.ts,code
packages/contracts/package.json,other
packages/contracts/runtime.contract.d.ts,code
packages/contracts/runtime.contract.js,code
packages/contracts/runtime.contract.js.map,other
packages/contracts/runtime.ts,code
packages/contracts/salla.openapi.json,other
packages/contracts/src/salla.generated.ts,code
packages/contracts/src/schemas.ts,code
packages/contracts/theme.contract.d.ts,code
packages/contracts/theme.contract.js,code
packages/contracts/theme.contract.js.map,other
packages/contracts/theme.ts,code
packages/contracts/tsconfig.json,other
packages/data/.turbo/turbo-build.log,artifact-cache
packages/data/.turbo/turbo-lint.log,artifact-cache
packages/data/dist/generated-client/default.d.ts,build-artifact
packages/data/dist/generated-client/default.js,build-artifact
packages/data/dist/generated-client/default.js.map,build-artifact
packages/data/dist/generated-client/edge.d.ts,build-artifact
packages/data/dist/generated-client/edge.js,build-artifact
packages/data/dist/generated-client/edge.js.map,build-artifact
packages/data/dist/generated-client/index-browser.d.ts,build-artifact
packages/data/dist/generated-client/index-browser.js,build-artifact
packages/data/dist/generated-client/index-browser.js.map,build-artifact
packages/data/dist/generated-client/index.js,build-artifact
packages/data/dist/generated-client/index.js.map,build-artifact
packages/data/dist/generated-client/runtime/edge-esm.js,build-artifact
packages/data/dist/generated-client/runtime/edge-esm.js.map,build-artifact
packages/data/dist/generated-client/runtime/edge.d.ts,build-artifact
packages/data/dist/generated-client/runtime/edge.js,build-artifact
packages/data/dist/generated-client/runtime/edge.js.map,build-artifact
packages/data/dist/generated-client/runtime/index-browser.d.ts,build-artifact
packages/data/dist/generated-client/runtime/index-browser.js,build-artifact
packages/data/dist/generated-client/runtime/index-browser.js.map,build-artifact
packages/data/dist/generated-client/runtime/library.d.ts,build-artifact
packages/data/dist/generated-client/runtime/library.js,build-artifact
packages/data/dist/generated-client/runtime/library.js.map,build-artifact
packages/data/dist/generated-client/runtime/react-native.d.ts,build-artifact
packages/data/dist/generated-client/runtime/react-native.js,build-artifact
packages/data/dist/generated-client/runtime/react-native.js.map,build-artifact
packages/data/dist/generated-client/runtime/wasm.d.ts,build-artifact
packages/data/dist/generated-client/runtime/wasm.js,build-artifact
packages/data/dist/generated-client/runtime/wasm.js.map,build-artifact
packages/data/dist/generated-client/wasm.d.ts,build-artifact
packages/data/dist/generated-client/wasm.js,build-artifact
packages/data/dist/generated-client/wasm.js.map,build-artifact
packages/data/dist/index.d.ts,build-artifact
packages/data/dist/index.js,build-artifact
packages/data/dist/index.js.map,build-artifact
packages/data/dist/integration.test.d.ts,build-artifact
packages/data/dist/integration.test.js,build-artifact
packages/data/dist/integration.test.js.map,build-artifact
packages/data/dist/prisma-repository.d.ts,build-artifact
packages/data/dist/prisma-repository.js,build-artifact
packages/data/dist/prisma-repository.js.map,build-artifact
packages/data/package.json,other
packages/data/prisma/dev.db,other
packages/data/prisma/dev.db.bak,other
packages/data/prisma/dev.db.old,other
packages/data/prisma/migrations/20260216101029_init/migration.sql,db-migration
packages/data/prisma/migrations/migration_lock.toml,db-migration
packages/data/prisma/packages/data/prisma/dev.db,other
packages/data/prisma/prisma/dev.db,other
packages/data/prisma/schema.dev.prisma,db-schema
packages/data/prisma/schema.prisma,db-schema
packages/data/prisma/schema.vtdr.prisma,db-schema
packages/data/prisma/vtdr.db.old,other
packages/data/src/generated-client/default.d.ts,code
packages/data/src/generated-client/default.js,code
packages/data/src/generated-client/edge.d.ts,code
packages/data/src/generated-client/edge.js,code
packages/data/src/generated-client/index-browser.js,code
packages/data/src/generated-client/index.d.ts,code
packages/data/src/generated-client/index.js,code
packages/data/src/generated-client/package.json,other
packages/data/src/generated-client/query_engine-windows.dll.node,other
packages/data/src/generated-client/runtime/edge-esm.js,code
packages/data/src/generated-client/runtime/edge.js,code
packages/data/src/generated-client/runtime/index-browser.d.ts,code
packages/data/src/generated-client/runtime/index-browser.js,code
packages/data/src/generated-client/runtime/library.d.ts,code
packages/data/src/generated-client/runtime/library.js,code
packages/data/src/generated-client/runtime/react-native.js,code
packages/data/src/generated-client/runtime/wasm.js,code
packages/data/src/generated-client/schema.prisma,db-schema
packages/data/src/generated-client/wasm.d.ts,code
packages/data/src/generated-client/wasm.js,code
packages/data/src/index.ts,code
packages/data/src/prisma-repository.ts,code
packages/data/tsconfig.json,other
packages/engine/.env,other
packages/engine/.gitignore,other
packages/engine/.turbo/turbo-build.log,artifact-cache
packages/engine/.turbo/turbo-lint.log,artifact-cache
packages/engine/.turbo/turbo-test.log,artifact-cache
packages/engine/dist/index.d.ts,build-artifact
packages/engine/dist/index.js,build-artifact
packages/engine/dist/index.js.map,build-artifact
packages/engine/dist/src/core/composition-engine.d.ts,build-artifact
packages/engine/dist/src/core/composition-engine.js,build-artifact
packages/engine/dist/src/core/composition-engine.js.map,build-artifact
packages/engine/dist/src/core/content-manager.d.ts,build-artifact
packages/engine/dist/src/core/content-manager.js,build-artifact
packages/engine/dist/src/core/content-manager.js.map,build-artifact
packages/engine/dist/src/core/localization-service.d.ts,build-artifact
packages/engine/dist/src/core/localization-service.js,build-artifact
packages/engine/dist/src/core/localization-service.js.map,build-artifact
packages/engine/dist/src/core/schema-service.d.ts,build-artifact
packages/engine/dist/src/core/schema-service.js,build-artifact
packages/engine/dist/src/core/schema-service.js.map,build-artifact
packages/engine/dist/src/core/store-factory.d.ts,build-artifact
packages/engine/dist/src/core/store-factory.js,build-artifact
packages/engine/dist/src/core/store-factory.js.map,build-artifact
packages/engine/dist/src/core/store-logic.d.ts,build-artifact
packages/engine/dist/src/core/store-logic.js,build-artifact
packages/engine/dist/src/core/store-logic.js.map,build-artifact
packages/engine/dist/src/infra/file-system.interface.d.ts,build-artifact
packages/engine/dist/src/infra/file-system.interface.js,build-artifact
packages/engine/dist/src/infra/file-system.interface.js.map,build-artifact
packages/engine/dist/src/infra/local-file-system.d.ts,build-artifact
packages/engine/dist/src/infra/local-file-system.js,build-artifact
packages/engine/dist/src/infra/local-file-system.js.map,build-artifact
packages/engine/dist/src/infra/theme-file-provider.interface.d.ts,build-artifact
packages/engine/dist/src/infra/theme-file-provider.interface.js,build-artifact
packages/engine/dist/src/infra/theme-file-provider.interface.js.map,build-artifact
packages/engine/dist/src/providers/seeder-service.d.ts,build-artifact
packages/engine/dist/src/providers/seeder-service.js,build-artifact
packages/engine/dist/src/providers/seeder-service.js.map,build-artifact
packages/engine/dist/src/providers/simulator.service.d.ts,build-artifact
packages/engine/dist/src/providers/simulator.service.js,build-artifact
packages/engine/dist/src/providers/simulator.service.js.map,build-artifact
packages/engine/dist/src/providers/synchronization-service.d.ts,build-artifact
packages/engine/dist/src/providers/synchronization-service.js,build-artifact
packages/engine/dist/src/providers/synchronization-service.js.map,build-artifact
packages/engine/dist/src/rendering/renderer-service.d.ts,build-artifact
packages/engine/dist/src/rendering/renderer-service.js,build-artifact
packages/engine/dist/src/rendering/renderer-service.js.map,build-artifact
packages/engine/dist/src/rendering/theme-loader.d.ts,build-artifact
packages/engine/dist/src/rendering/theme-loader.js,build-artifact
packages/engine/dist/src/rendering/theme-loader.js.map,build-artifact
packages/engine/dist/src/rendering/theme-registry.d.ts,build-artifact
packages/engine/dist/src/rendering/theme-registry.js,build-artifact
packages/engine/dist/src/rendering/theme-registry.js.map,build-artifact
packages/engine/dist/src/validators/salla-validator.d.ts,build-artifact
packages/engine/dist/src/validators/salla-validator.js,build-artifact
packages/engine/dist/src/validators/salla-validator.js.map,build-artifact
packages/engine/dist/src/webhooks/hook-service.d.ts,build-artifact
packages/engine/dist/src/webhooks/hook-service.js,build-artifact
packages/engine/dist/src/webhooks/hook-service.js.map,build-artifact
packages/engine/dist/src/webhooks/webhook-service.d.ts,build-artifact
packages/engine/dist/src/webhooks/webhook-service.js,build-artifact
packages/engine/dist/src/webhooks/webhook-service.js.map,build-artifact
packages/engine/index.ts,code
packages/engine/package-lock.json,other
packages/engine/package.json,other
packages/engine/seed-store.js,code
packages/engine/src/core/composition-engine.ts,code
packages/engine/src/core/content-manager.ts,code
packages/engine/src/core/localization-service.ts,code
packages/engine/src/core/schema-service.ts,code
packages/engine/src/core/store-factory.ts,code
packages/engine/src/core/store-logic.ts,code
packages/engine/src/infra/file-system.interface.ts,code
packages/engine/src/infra/local-file-system.ts,code
packages/engine/src/infra/theme-file-provider.interface.ts,code
packages/engine/src/providers/seeder-service.ts,code
packages/engine/src/providers/simulator.service.ts,code
packages/engine/src/providers/synchronization-service.ts,code
packages/engine/src/rendering/renderer-service.ts,code
packages/engine/src/rendering/theme-loader.ts,code
packages/engine/src/rendering/theme-registry.ts,code
packages/engine/src/validators/salla-validator.ts,code
packages/engine/src/webhooks/hook-service.ts,code
packages/engine/src/webhooks/webhook-service.ts,code
packages/engine/tsconfig.json,other
packages/engine/vtdr.db,other
packages/themes/theme-raed-master/.gitignore,other
packages/themes/theme-raed-master/.vscode/settings.json,other
packages/themes/theme-raed-master/CHANGELOG.md,documentation
packages/themes/theme-raed-master/package.json,other
packages/themes/theme-raed-master/pnpm-lock.yaml,other
packages/themes/theme-raed-master/postcss.config.js,code
packages/themes/theme-raed-master/public/add-product-toast.js,code
packages/themes/theme-raed-master/public/add-product-toast.js.LICENSE.txt,other
packages/themes/theme-raed-master/public/app.css,other
packages/themes/theme-raed-master/public/app.js,code
packages/themes/theme-raed-master/public/app.js.LICENSE.txt,other
packages/themes/theme-raed-master/public/checkout.js,code
packages/themes/theme-raed-master/public/digital-files.js,code
packages/themes/theme-raed-master/public/home.js,code
packages/themes/theme-raed-master/public/images/check.svg,other
packages/themes/theme-raed-master/public/images/delivery-bro.svg,other
packages/themes/theme-raed-master/public/images/placeholder.png,other
packages/themes/theme-raed-master/public/images/s-empty-small.png,other
packages/themes/theme-raed-master/public/images/s-empty-square.png,other
packages/themes/theme-raed-master/public/images/s-empty-wide.png,other
packages/themes/theme-raed-master/public/images/s-empty.png,other
packages/themes/theme-raed-master/public/main-menu.js,code
packages/themes/theme-raed-master/public/order.js,code
packages/themes/theme-raed-master/public/pages.js,code
packages/themes/theme-raed-master/public/product-card.js,code
packages/themes/theme-raed-master/public/product.js,code
packages/themes/theme-raed-master/public/product.js.LICENSE.txt,other
packages/themes/theme-raed-master/public/testimonials.js,code
packages/themes/theme-raed-master/public/testimonials.js.LICENSE.txt,other
packages/themes/theme-raed-master/public/wishlist-card.js,code
packages/themes/theme-raed-master/README.md,documentation
packages/themes/theme-raed-master/src/assets/images/check.svg,other
packages/themes/theme-raed-master/src/assets/images/delivery-bro.svg,other
packages/themes/theme-raed-master/src/assets/images/placeholder.png,other
packages/themes/theme-raed-master/src/assets/images/s-empty-small.png,other
packages/themes/theme-raed-master/src/assets/images/s-empty-square.png,other
packages/themes/theme-raed-master/src/assets/images/s-empty-wide.png,other
packages/themes/theme-raed-master/src/assets/images/s-empty.png,other
packages/themes/theme-raed-master/src/assets/js/app-helpers.js,code
packages/themes/theme-raed-master/src/assets/js/app.js,code
packages/themes/theme-raed-master/src/assets/js/base-page.js,code
packages/themes/theme-raed-master/src/assets/js/blog.js,code
packages/themes/theme-raed-master/src/assets/js/brands.js,code
packages/themes/theme-raed-master/src/assets/js/cart.js,code
packages/themes/theme-raed-master/src/assets/js/home.js,code
packages/themes/theme-raed-master/src/assets/js/loyalty.js,code
packages/themes/theme-raed-master/src/assets/js/order.js,code
packages/themes/theme-raed-master/src/assets/js/partials/add-product-toast.js,code
packages/themes/theme-raed-master/src/assets/js/partials/anime.js,code
packages/themes/theme-raed-master/src/assets/js/partials/digital-files.js,code
packages/themes/theme-raed-master/src/assets/js/partials/image-zoom.js,code
packages/themes/theme-raed-master/src/assets/js/partials/main-menu.js,code
packages/themes/theme-raed-master/src/assets/js/partials/product-card.js,code
packages/themes/theme-raed-master/src/assets/js/partials/tooltip.js,code
packages/themes/theme-raed-master/src/assets/js/partials/validate-product-options.js,code
packages/themes/theme-raed-master/src/assets/js/partials/wishlist-card.js,code
packages/themes/theme-raed-master/src/assets/js/product.js,code
packages/themes/theme-raed-master/src/assets/js/products.js,code
packages/themes/theme-raed-master/src/assets/js/testimonials.js,code
packages/themes/theme-raed-master/src/assets/js/thankyou.js,code
packages/themes/theme-raed-master/src/assets/js/twilight.js,code
packages/themes/theme-raed-master/src/assets/js/wishlist.js,code
packages/themes/theme-raed-master/src/assets/styles/01-settings/breakpoints.scss,other
packages/themes/theme-raed-master/src/assets/styles/01-settings/fonts.scss,other
packages/themes/theme-raed-master/src/assets/styles/01-settings/global.scss,other
packages/themes/theme-raed-master/src/assets/styles/01-settings/tailwind.scss,other
packages/themes/theme-raed-master/src/assets/styles/02-generic/_mixins.scss,other
packages/themes/theme-raed-master/src/assets/styles/02-generic/animations.scss,other
packages/themes/theme-raed-master/src/assets/styles/02-generic/common.scss,other
packages/themes/theme-raed-master/src/assets/styles/02-generic/lazyload.scss,other
packages/themes/theme-raed-master/src/assets/styles/02-generic/ltr.scss,other
packages/themes/theme-raed-master/src/assets/styles/02-generic/reset.scss,other
packages/themes/theme-raed-master/src/assets/styles/02-generic/rtl.scss,other
packages/themes/theme-raed-master/src/assets/styles/02-generic/tooltip.scss,other
packages/themes/theme-raed-master/src/assets/styles/03-elements/buttons.scss,other
packages/themes/theme-raed-master/src/assets/styles/03-elements/form.scss,other
packages/themes/theme-raed-master/src/assets/styles/03-elements/radio-images.scss,other
packages/themes/theme-raed-master/src/assets/styles/03-elements/radio.scss,other
packages/themes/theme-raed-master/src/assets/styles/04-components/add-product-toast.scss,other
packages/themes/theme-raed-master/src/assets/styles/04-components/brands.scss,other
packages/themes/theme-raed-master/src/assets/styles/04-components/filters.scss,other
packages/themes/theme-raed-master/src/assets/styles/04-components/footer.scss,other
packages/themes/theme-raed-master/src/assets/styles/04-components/gifting.scss,other
packages/themes/theme-raed-master/src/assets/styles/04-components/header.scss,other
packages/themes/theme-raed-master/src/assets/styles/04-components/home-blocks.scss,other
packages/themes/theme-raed-master/src/assets/styles/04-components/landing-page.scss,other
packages/themes/theme-raed-master/src/assets/styles/04-components/loyalty.scss,other
packages/themes/theme-raed-master/src/assets/styles/04-components/menus.scss,other
packages/themes/theme-raed-master/src/assets/styles/04-components/no-content-placeholder.scss,other
packages/themes/theme-raed-master/src/assets/styles/04-components/product.scss,other
packages/themes/theme-raed-master/src/assets/styles/04-components/slider.scss,other
packages/themes/theme-raed-master/src/assets/styles/04-components/user-menu.scss,other
packages/themes/theme-raed-master/src/assets/styles/04-components/user-pages.scss,other
packages/themes/theme-raed-master/src/assets/styles/04-components/virtooal.scss,other
packages/themes/theme-raed-master/src/assets/styles/05-utilities/chat-bots.scss,other
packages/themes/theme-raed-master/src/assets/styles/05-utilities/font-customization.scss,other
packages/themes/theme-raed-master/src/assets/styles/05-utilities/safari-fixes.scss,other
packages/themes/theme-raed-master/src/assets/styles/05-utilities/swal.scss,other
packages/themes/theme-raed-master/src/assets/styles/app.scss,other
packages/themes/theme-raed-master/src/locales/ar.json,other
packages/themes/theme-raed-master/src/locales/en.json,other
packages/themes/theme-raed-master/src/views/components/footer/footer.twig,other
packages/themes/theme-raed-master/src/views/components/header/header.twig,other
packages/themes/theme-raed-master/src/views/components/home/brands.twig,other
packages/themes/theme-raed-master/src/views/components/home/custom-testimonials.twig,other
packages/themes/theme-raed-master/src/views/components/home/enhanced-slider.twig,other
packages/themes/theme-raed-master/src/views/components/home/enhanced-square-banners.twig,other
packages/themes/theme-raed-master/src/views/components/home/featured-products-style1.twig,other
packages/themes/theme-raed-master/src/views/components/home/featured-products-style2.twig,other
packages/themes/theme-raed-master/src/views/components/home/featured-products-style3.twig,other
packages/themes/theme-raed-master/src/views/components/home/fixed-banner.twig,other
packages/themes/theme-raed-master/src/views/components/home/fixed-products.twig,other
packages/themes/theme-raed-master/src/views/components/home/latest-products.twig,other
packages/themes/theme-raed-master/src/views/components/home/main-links.twig,other
packages/themes/theme-raed-master/src/views/components/home/parallax-background.twig,other
packages/themes/theme-raed-master/src/views/components/home/photos-slider.twig,other
packages/themes/theme-raed-master/src/views/components/home/products-slider.twig,other
packages/themes/theme-raed-master/src/views/components/home/slider-products-with-header.twig,other
packages/themes/theme-raed-master/src/views/components/home/square-photos.twig,other
packages/themes/theme-raed-master/src/views/components/home/store-features.twig,other
packages/themes/theme-raed-master/src/views/components/home/testimonials.twig,other
packages/themes/theme-raed-master/src/views/components/home/youtube.twig,other
packages/themes/theme-raed-master/src/views/layouts/customer.twig,other
packages/themes/theme-raed-master/src/views/layouts/master.twig,other
packages/themes/theme-raed-master/src/views/pages/blog/index.twig,other
packages/themes/theme-raed-master/src/views/pages/blog/single.twig,other
packages/themes/theme-raed-master/src/views/pages/brands/index.twig,other
packages/themes/theme-raed-master/src/views/pages/brands/single.twig,other
packages/themes/theme-raed-master/src/views/pages/cart.twig,other
packages/themes/theme-raed-master/src/views/pages/customer/notifications.twig,other
packages/themes/theme-raed-master/src/views/pages/customer/orders/index.twig,other
packages/themes/theme-raed-master/src/views/pages/customer/orders/single.twig,other
packages/themes/theme-raed-master/src/views/pages/customer/profile.twig,other
packages/themes/theme-raed-master/src/views/pages/customer/wallet.twig,other
packages/themes/theme-raed-master/src/views/pages/customer/wishlist.twig,other
packages/themes/theme-raed-master/src/views/pages/debug.twig,other
packages/themes/theme-raed-master/src/views/pages/index.twig,other
packages/themes/theme-raed-master/src/views/pages/landing-page.twig,other
packages/themes/theme-raed-master/src/views/pages/loyalty.twig,other
packages/themes/theme-raed-master/src/views/pages/page-single.twig,other
packages/themes/theme-raed-master/src/views/pages/partials/product/options.twig,other
packages/themes/theme-raed-master/src/views/pages/partials/product/reservations.twig,other
packages/themes/theme-raed-master/src/views/pages/product/index.twig,other
packages/themes/theme-raed-master/src/views/pages/product/single.twig,other
packages/themes/theme-raed-master/src/views/pages/testimonials.twig,other
packages/themes/theme-raed-master/src/views/pages/thank-you.twig,other
packages/themes/theme-raed-master/tailwind.config.js,code
packages/themes/theme-raed-master/twilight.json,other
packages/themes/theme-raed-master/webpack.config.js,code
README.md,documentation
settings_check.json,other
settings_output.json,other
tsconfig.base.json,other
turbo.json,other
vitest.config.ts,code